index,pi0,kra5,kra50
0,0.0,0.0,0.0
1,0.035,0.035,0.035
2,0.07,0.07,0.07
3,0.10500000000000001,0.10500000000000001,0.10500000000000001
4,0.14,0.14,0.14
5,0.17500000000000002,0.17500000000000002,0.17500000000000002
6,0.21000000000000002,0.21000000000000002,0.21000000000000002
7,0.24500000000000002,0.24500000000000002,0.24500000000000002
8,0.28,0.28,0.28
9,0.31500000000000006,0.31500000000000006,0.31500000000000006
10,0.35000000000000003,0.35000000000000003,0.35000000000000003
11,0.385,0.385,0.385
12,0.42000000000000004,0.42000000000000004,0.42000000000000004
13,0.45500000000000007,0.45500000000000007,0.45500000000000007
14,0.49000000000000005,0.49000000000000005,0.49000000000000005
15,0.525,0.525,0.525
16,0.56,0.56,0.56
17,0.5950000000000001,0.5950000000000001,0.5950000000000001
18,0.6300000000000001,0.6300000000000001,0.6300000000000001
19,0.665,0.665,0.665
20,0.7000000000000001,0.7000000000000001,0.7000000000000001
21,0.7350000000000001,0.7350000000000001,0.7350000000000001
22,0.77,0.77,0.77
23,0.805,0.805,0.805
24,0.8400000000000001,0.8400000000000001,0.8400000000000001
25,0.8750000000000001,0.8750000000000001,0.8750000000000001
26,0.9100000000000001,0.9100000000000001,0.9100000000000001
27,0.9450000000000001,0.9450000000000001,0.9450000000000001
28,0.9800000000000001,0.9800000000000001,0.9800000000000001
29,1.0150000000000001,1.0150000000000001,1.0150000000000001
30,1.05,1.05,1.05
31,1.0850000000000002,1.0850000000000002,1.0850000000000002
32,1.12,1.12,1.12
33,1.155,1.155,1.155
34,1.1900000000000002,1.1900000000000002,1.1900000000000002
35,1.225,1.225,1.225
36,1.2600000000000002,1.2600000000000002,1.2600000000000002
37,1.2950000000000002,1.2950000000000002,1.2950000000000002
38,1.33,1.33,1.33
39,1.3650000000000002,1.3650000000000002,1.3650000000000002
40,1.4000000000000001,1.4000000000000001,1.4000000000000001
41,1.435,1.435,1.435
42,1.4700000000000002,1.4700000000000002,1.4700000000000002
43,1.5050000000000001,1.5050000000000001,1.5050000000000001
44,1.54,1.54,1.54
45,1.5750000000000002,1.5750000000000002,1.5750000000000002
46,1.61,1.61,1.61
47,1.6450000000000002,1.6450000000000002,1.6450000000000002
48,1.6800000000000002,1.6800000000000002,1.6800000000000002
49,1.715,1.715,1.715
50,1.7500000000000002,1.7500000000000002,1.7500000000000002
51,1.7850000000000001,1.7850000000000001,1.7850000000000001
52,1.8200000000000003,1.8200000000000003,1.8200000000000003
53,1.8550000000000002,1.8550000000000002,1.8550000000000002
54,1.8900000000000001,1.8900000000000001,1.8900000000000001
55,1.9250000000000003,1.9250000000000003,1.9250000000000003
56,1.9600000000000002,1.9600000000000002,1.9600000000000002
57,1.995,1.995,1.995
58,2.0300000000000002,2.0300000000000002,2.0300000000000002
59,2.0650000000000004,2.0650000000000004,2.0650000000000004
60,2.1,2.1,2.1
61,2.1350000000000002,2.1350000000000002,2.1350000000000002
62,2.1700000000000004,2.1700000000000004,2.1700000000000004
63,2.205,2.205,2.205
64,2.24,2.24,2.24
65,2.2750000000000004,2.2750000000000004,2.2750000000000004
66,2.31,2.31,2.31
67,2.345,2.345,2.345
68,2.3800000000000003,2.3800000000000003,2.3800000000000003
69,2.415,2.415,2.415
70,2.45,2.45,2.45
71,2.4850000000000003,2.4850000000000003,2.4850000000000003
72,2.5200000000000005,2.5200000000000005,2.5200000000000005
73,2.555,2.555,2.555
74,2.5900000000000003,2.5900000000000003,2.5900000000000003
75,2.6250000000000004,2.6250000000000004,2.6250000000000004
76,2.66,2.66,2.66
77,2.6950000000000003,2.6950000000000003,2.6950000000000003
78,2.7300000000000004,2.7300000000000004,2.7300000000000004
79,2.765,2.765,2.765
80,2.8000000000000003,2.8000000000000003,2.8000000000000003
81,2.8350000000000004,2.8350000000000004,2.8350000000000004
82,2.87,2.87,2.87
83,2.9050000000000002,2.9050000000000002,2.9050000000000002
84,2.9400000000000004,2.9400000000000004,2.9400000000000004
85,2.975,2.975,2.975
86,3.0100000000000002,3.0100000000000002,3.0100000000000002
87,3.0450000000000004,3.0450000000000004,3.0450000000000004
88,3.08,3.08,3.08
89,3.115,3.115,3.115
90,3.1500000000000004,3.1500000000000004,3.1500000000000004
91,3.1850000000000005,3.1850000000000005,3.1850000000000005
92,3.22,3.22,3.22
93,3.2550000000000003,3.2550000000000003,3.2550000000000003
94,3.2900000000000005,3.2900000000000005,3.2900000000000005
95,3.325,3.325,3.325
96,3.3600000000000003,3.3600000000000003,3.3600000000000003
97,3.3950000000000005,3.3950000000000005,3.3950000000000005
98,3.43,3.43,3.43
99,3.4650000000000003,3.4650000000000003,3.4650000000000003
100,3.5000000000000004,3.5000000000000004,3.5000000000000004
101,3.535,3.535,3.535
102,3.5700000000000003,3.5700000000000003,3.5700000000000003
103,3.6050000000000004,3.6050000000000004,3.6050000000000004
104,3.6400000000000006,3.6400000000000006,3.6400000000000006
105,3.6750000000000003,3.6750000000000003,3.6750000000000003
106,3.7100000000000004,3.7100000000000004,3.7100000000000004
107,3.7450000000000006,3.7450000000000006,3.7450000000000006
108,3.7800000000000002,3.7800000000000002,3.7800000000000002
109,3.8150000000000004,3.8150000000000004,3.8150000000000004
110,3.8500000000000005,3.8500000000000005,3.8500000000000005
111,3.8850000000000002,3.8850000000000002,3.8850000000000002
112,3.9200000000000004,3.9200000000000004,3.9200000000000004
113,3.9550000000000005,3.9550000000000005,3.9550000000000005
114,3.99,3.99,3.99
115,4.025,4.025,4.025
116,4.0600000000000005,4.0600000000000005,4.0600000000000005
117,4.095000000000001,4.095000000000001,4.095000000000001
118,4.130000000000001,4.130000000000001,4.130000000000001
119,4.165,4.165,4.165
120,4.2,4.2,4.2
121,4.235,4.235,4.235
122,4.2700000000000005,4.2700000000000005,4.2700000000000005
123,4.305000000000001,4.305000000000001,4.305000000000001
124,4.340000000000001,4.340000000000001,4.340000000000001
125,4.375,4.375,4.375
126,4.41,4.41,4.41
127,4.445,4.445,4.445
128,4.48,4.48,4.48
129,4.515000000000001,4.515000000000001,4.515000000000001
130,4.550000000000001,4.550000000000001,4.550000000000001
131,4.585000000000001,4.585000000000001,4.585000000000001
132,4.62,4.62,4.62
133,4.655,4.655,4.655
134,4.69,4.69,4.69
135,4.7250000000000005,4.7250000000000005,4.7250000000000005
136,4.760000000000001,4.760000000000001,4.760000000000001
137,4.795000000000001,4.795000000000001,4.795000000000001
138,4.83,4.83,4.83
139,4.865,4.865,4.865
140,4.9,4.9,4.9
141,4.9350000000000005,4.9350000000000005,4.9350000000000005
142,4.970000000000001,4.970000000000001,4.970000000000001
143,5.005000000000001,5.005000000000001,5.005000000000001
144,5.040000000000001,5.040000000000001,5.040000000000001
145,5.075,5.075,5.075
146,5.11,5.11,5.11
147,5.1450000000000005,5.1450000000000005,5.1450000000000005
148,5.180000000000001,5.180000000000001,5.180000000000001
149,5.215000000000001,5.215000000000001,5.215000000000001
150,5.250000000000001,5.250000000000001,5.250000000000001
151,5.285,5.285,5.285
152,5.32,5.32,5.32
153,5.355,5.355,5.355
154,5.390000000000001,5.390000000000001,5.390000000000001
155,5.425000000000001,5.425000000000001,5.425000000000001
156,5.460000000000001,5.460000000000001,5.460000000000001
157,5.495,5.495,5.495
158,5.53,5.53,5.53
159,5.565,5.565,5.565
160,5.6000000000000005,5.6000000000000005,5.6000000000000005
161,5.635000000000001,5.635000000000001,5.635000000000001
162,5.670000000000001,5.670000000000001,5.670000000000001
163,5.705000000000001,5.705000000000001,5.705000000000001
164,5.74,5.74,5.74
165,5.775,5.775,5.775
166,5.8100000000000005,5.8100000000000005,5.8100000000000005
167,5.845000000000001,5.845000000000001,5.845000000000001
168,5.880000000000001,5.880000000000001,5.880000000000001
169,5.915000000000001,5.915000000000001,5.915000000000001
170,5.95,5.95,5.95
171,5.985,5.985,5.985
172,6.0200000000000005,6.0200000000000005,6.0200000000000005
173,6.055000000000001,6.055000000000001,6.055000000000001
174,6.090000000000001,6.090000000000001,6.090000000000001
175,6.125000000000001,6.125000000000001,6.125000000000001
176,6.16,6.16,6.16
177,6.195,6.195,6.195
178,6.23,6.23,6.23
179,6.265000000000001,6.265000000000001,6.265000000000001
180,6.300000000000001,6.300000000000001,6.300000000000001
181,6.335000000000001,6.335000000000001,6.335000000000001
182,6.370000000000001,6.370000000000001,6.370000000000001
183,6.405,6.405,6.405
184,6.44,6.44,6.44
185,6.4750000000000005,6.4750000000000005,6.4750000000000005
186,6.510000000000001,6.510000000000001,6.510000000000001
187,6.545000000000001,6.545000000000001,6.545000000000001
188,6.580000000000001,6.580000000000001,6.580000000000001
189,6.615,6.615,6.615
190,6.65,6.65,6.65
191,6.6850000000000005,6.6850000000000005,6.6850000000000005
192,6.720000000000001,6.720000000000001,6.720000000000001
193,6.755000000000001,6.755000000000001,6.755000000000001
194,6.790000000000001,6.790000000000001,6.790000000000001
195,6.825000000000001,6.825000000000001,6.825000000000001
196,6.86,6.86,6.86
197,6.8950000000000005,6.8950000000000005,6.8950000000000005
198,6.930000000000001,6.930000000000001,6.930000000000001
199,6.965000000000001,6.965000000000001,6.965000000000001
200,7.000000000000001,7.000000000000001,7.000000000000001
201,7.035000000000001,7.035000000000001,7.035000000000001
202,7.07,7.07,7.07
203,7.105,7.105,7.105
204,7.140000000000001,7.140000000000001,7.140000000000001
205,7.175000000000001,7.175000000000001,7.175000000000001
206,7.210000000000001,7.210000000000001,7.210000000000001
207,7.245000000000001,7.245000000000001,7.245000000000001
208,7.280000000000001,7.280000000000001,7.280000000000001
209,7.315,7.315,7.315
210,7.3500000000000005,7.3500000000000005,7.3500000000000005
211,7.385000000000001,7.385000000000001,7.385000000000001
212,7.420000000000001,7.420000000000001,7.420000000000001
213,7.455000000000001,7.455000000000001,7.455000000000001
214,7.490000000000001,7.490000000000001,7.490000000000001
215,7.525,7.525,7.525
216,7.5600000000000005,7.5600000000000005,7.5600000000000005
217,7.595000000000001,7.595000000000001,7.595000000000001
218,7.630000000000001,7.630000000000001,7.630000000000001
219,7.665000000000001,7.665000000000001,7.665000000000001
220,7.700000000000001,7.700000000000001,7.700000000000001
221,7.735,7.735,7.735
222,7.7700000000000005,7.7700000000000005,7.7700000000000005
223,7.805000000000001,7.805000000000001,7.805000000000001
224,7.840000000000001,7.840000000000001,7.840000000000001
225,7.875000000000001,7.875000000000001,7.875000000000001
226,7.910000000000001,7.910000000000001,7.910000000000001
227,7.945000000000001,7.945000000000001,7.945000000000001
228,7.98,7.98,7.98
229,8.015,8.015,8.015
230,8.05,8.05,8.05
231,8.085,8.085,8.085
232,8.120000000000001,8.120000000000001,8.120000000000001
233,8.155000000000001,8.155000000000001,8.155000000000001
234,8.190000000000001,8.190000000000001,8.190000000000001
235,8.225000000000001,8.225000000000001,8.225000000000001
236,8.260000000000002,8.260000000000002,8.260000000000002
237,8.295,8.295,8.295
238,8.33,8.33,8.33
239,8.365,8.365,8.365
240,8.4,8.4,8.4
241,8.435,8.435,8.435
242,8.47,8.47,8.47
243,8.505,8.505,8.505
244,8.540000000000001,8.540000000000001,8.540000000000001
245,8.575000000000001,8.575000000000001,8.575000000000001
246,8.610000000000001,8.610000000000001,8.610000000000001
247,8.645000000000001,8.645000000000001,8.645000000000001
248,8.680000000000001,8.680000000000001,8.680000000000001
249,8.715000000000002,8.715000000000002,8.715000000000002
250,8.75,8.75,8.75
251,8.785,8.785,8.785
252,8.82,8.82,8.82
253,8.855,8.855,8.855
254,8.89,8.89,8.89
255,8.925,8.925,8.925
256,8.96,8.96,8.96
257,8.995000000000001,8.995000000000001,8.995000000000001
258,9.030000000000001,9.030000000000001,9.030000000000001
259,9.065000000000001,9.065000000000001,9.065000000000001
260,9.100000000000001,9.100000000000001,9.100000000000001
261,9.135000000000002,9.135000000000002,9.135000000000002
262,9.170000000000002,9.170000000000002,9.170000000000002
263,9.205,9.205,9.205
264,9.24,9.24,9.24
265,9.275,9.275,9.275
266,9.31,9.31,9.31
267,9.345,9.345,9.345
268,9.38,9.38,9.38
269,9.415000000000001,9.415000000000001,9.415000000000001
270,9.450000000000001,9.450000000000001,9.450000000000001
271,9.485000000000001,9.485000000000001,9.485000000000001
272,9.520000000000001,9.520000000000001,9.520000000000001
273,9.555000000000001,9.555000000000001,9.555000000000001
274,9.590000000000002,9.590000000000002,9.590000000000002
275,9.625000000000002,9.625000000000002,9.625000000000002
276,9.66,9.66,9.66
277,9.695,9.695,9.695
278,9.73,9.73,9.73
279,9.765,9.765,9.765
280,9.8,9.8,9.8
281,9.835,9.835,9.835
282,9.870000000000001,9.870000000000001,9.870000000000001
283,9.905000000000001,9.905000000000001,9.905000000000001
284,9.940000000000001,9.940000000000001,9.940000000000001
285,9.975000000000001,9.975000000000001,9.975000000000001
286,10.010000000000002,10.010000000000002,10.010000000000002
287,10.045000000000002,10.045000000000002,10.045000000000002
288,10.080000000000002,10.080000000000002,10.080000000000002
289,10.115,10.115,10.115
290,10.15,10.15,10.15
291,10.185,10.185,10.185
292,10.22,10.22,10.22
293,10.255,10.255,10.255
294,10.290000000000001,10.290000000000001,10.290000000000001
295,10.325000000000001,10.325000000000001,10.325000000000001
296,10.360000000000001,10.360000000000001,10.360000000000001
297,10.395000000000001,10.395000000000001,10.395000000000001
298,10.430000000000001,10.430000000000001,10.430000000000001
299,10.465000000000002,10.465000000000002,10.465000000000002
300,10.500000000000002,10.500000000000002,10.500000000000002
301,10.535,10.535,10.535
302,10.57,10.57,10.57
303,10.605,10.605,10.605
304,10.64,10.64,10.64
305,10.675,10.675,10.675
306,10.71,10.71,10.71
307,10.745000000000001,10.745000000000001,10.745000000000001
308,10.780000000000001,10.780000000000001,10.780000000000001
309,10.815000000000001,10.815000000000001,10.815000000000001
310,10.850000000000001,10.850000000000001,10.850000000000001
311,10.885000000000002,10.885000000000002,10.885000000000002
312,10.920000000000002,10.920000000000002,10.920000000000002
313,10.955000000000002,10.955000000000002,10.955000000000002
314,10.99,10.99,10.99
315,11.025,11.025,11.025
316,11.06,11.06,11.06
317,11.095,11.095,11.095
318,11.13,11.13,11.13
319,11.165000000000001,11.165000000000001,11.165000000000001
320,11.200000000000001,11.200000000000001,11.200000000000001
321,11.235000000000001,11.235000000000001,11.235000000000001
322,11.270000000000001,11.270000000000001,11.270000000000001
323,11.305000000000001,11.305000000000001,11.305000000000001
324,11.340000000000002,11.340000000000002,11.340000000000002
325,11.375000000000002,11.375000000000002,11.375000000000002
326,11.410000000000002,11.410000000000002,11.410000000000002
327,11.445,11.445,11.445
328,11.48,11.48,11.48
329,11.515,11.515,11.515
330,11.55,11.55,11.55
331,11.585,11.585,11.585
332,11.620000000000001,11.620000000000001,11.620000000000001
333,11.655000000000001,11.655000000000001,11.655000000000001
334,11.690000000000001,11.690000000000001,11.690000000000001
335,11.725000000000001,11.725000000000001,11.725000000000001
336,11.760000000000002,11.760000000000002,11.760000000000002
337,11.795000000000002,11.795000000000002,11.795000000000002
338,11.830000000000002,11.830000000000002,11.830000000000002
339,11.865000000000002,11.865000000000002,11.865000000000002
340,11.9,11.9,11.9
341,11.935,11.935,11.935
342,11.97,11.97,11.97
343,12.005,12.005,12.005
344,12.040000000000001,12.040000000000001,12.040000000000001
345,12.075000000000001,12.075000000000001,12.075000000000001
346,12.110000000000001,12.110000000000001,12.110000000000001
347,12.145000000000001,12.145000000000001,12.145000000000001
348,12.180000000000001,12.180000000000001,12.180000000000001
349,12.215000000000002,12.215000000000002,12.215000000000002
350,12.250000000000002,12.250000000000002,12.250000000000002
351,12.285000000000002,12.285000000000002,12.285000000000002
352,12.32,12.32,12.32
353,12.355,12.355,12.355
354,12.39,12.39,12.39
355,12.425,12.425,12.425
356,12.46,12.46,12.46
357,12.495000000000001,12.495000000000001,12.495000000000001
358,12.530000000000001,12.530000000000001,12.530000000000001
359,12.565000000000001,12.565000000000001,12.565000000000001
360,12.600000000000001,12.600000000000001,12.600000000000001
361,12.635000000000002,12.635000000000002,12.635000000000002
362,12.670000000000002,12.670000000000002,12.670000000000002
363,12.705000000000002,12.705000000000002,12.705000000000002
364,12.740000000000002,12.740000000000002,12.740000000000002
365,12.775,12.775,12.775
366,12.81,12.81,12.81
367,12.845,12.845,12.845
368,12.88,12.88,12.88
369,12.915000000000001,12.915000000000001,12.915000000000001
370,12.950000000000001,12.950000000000001,12.950000000000001
371,12.985000000000001,12.985000000000001,12.985000000000001
372,13.020000000000001,13.020000000000001,13.020000000000001
373,13.055000000000001,13.055000000000001,13.055000000000001
374,13.090000000000002,13.090000000000002,13.090000000000002
375,13.125000000000002,13.125000000000002,13.125000000000002
376,13.160000000000002,13.160000000000002,13.160000000000002
377,13.195000000000002,13.195000000000002,13.195000000000002
378,13.23,13.23,13.23
379,13.265,13.265,13.265
380,13.3,13.3,13.3
381,13.335,13.335,13.335
382,13.370000000000001,13.370000000000001,13.370000000000001
383,13.405000000000001,13.405000000000001,13.405000000000001
384,13.440000000000001,13.440000000000001,13.440000000000001
385,13.475000000000001,13.475000000000001,13.475000000000001
386,13.510000000000002,13.510000000000002,13.510000000000002
387,13.545000000000002,13.545000000000002,13.545000000000002
388,13.580000000000002,13.580000000000002,13.580000000000002
389,13.615000000000002,13.615000000000002,13.615000000000002
390,13.650000000000002,13.650000000000002,13.650000000000002
391,13.685,13.685,13.685
392,13.72,13.72,13.72
393,13.755,13.755,13.755
394,13.790000000000001,13.790000000000001,13.790000000000001
395,13.825000000000001,13.825000000000001,13.825000000000001
396,13.860000000000001,13.860000000000001,13.860000000000001
397,13.895000000000001,13.895000000000001,13.895000000000001
398,13.930000000000001,13.930000000000001,13.930000000000001
399,13.965000000000002,13.965000000000002,13.965000000000002
400,14.000000000000002,14.000000000000002,14.000000000000002
401,14.035000000000002,14.035000000000002,14.035000000000002
402,14.070000000000002,14.070000000000002,14.070000000000002
403,14.105000000000002,14.105000000000002,14.105000000000002
404,14.14,14.14,14.14
405,14.175,14.175,14.175
406,14.21,14.21,14.21
407,14.245000000000001,14.245000000000001,14.245000000000001
408,14.280000000000001,14.280000000000001,14.280000000000001
409,14.315000000000001,14.315000000000001,14.315000000000001
410,14.350000000000001,14.350000000000001,14.350000000000001
411,14.385000000000002,14.385000000000002,14.385000000000002
412,14.420000000000002,14.420000000000002,14.420000000000002
413,14.455000000000002,14.455000000000002,14.455000000000002
414,14.490000000000002,14.490000000000002,14.490000000000002
415,14.525000000000002,14.525000000000002,14.525000000000002
416,14.560000000000002,14.560000000000002,14.560000000000002
417,14.595,14.595,14.595
418,14.63,14.63,14.63
419,14.665000000000001,14.665000000000001,14.665000000000001
420,14.700000000000001,14.700000000000001,14.700000000000001
421,14.735000000000001,14.735000000000001,14.735000000000001
422,14.770000000000001,14.770000000000001,14.770000000000001
423,14.805000000000001,14.805000000000001,14.805000000000001
424,14.840000000000002,14.840000000000002,14.840000000000002
425,14.875000000000002,14.875000000000002,14.875000000000002
426,14.910000000000002,14.910000000000002,14.910000000000002
427,14.945000000000002,14.945000000000002,14.945000000000002
428,14.980000000000002,14.980000000000002,14.980000000000002
429,15.015,15.015,15.015
430,15.05,15.05,15.05
431,15.085,15.085,15.085
432,15.120000000000001,15.120000000000001,15.120000000000001
433,15.155000000000001,15.155000000000001,15.155000000000001
434,15.190000000000001,15.190000000000001,15.190000000000001
435,15.225000000000001,15.225000000000001,15.225000000000001
436,15.260000000000002,15.260000000000002,15.260000000000002
437,15.295000000000002,15.295000000000002,15.295000000000002
438,15.330000000000002,15.330000000000002,15.330000000000002
439,15.365000000000002,15.365000000000002,15.365000000000002
440,15.400000000000002,15.400000000000002,15.400000000000002
441,15.435000000000002,15.435000000000002,15.435000000000002
442,15.47,15.47,15.47
443,15.505,15.505,15.505
444,15.540000000000001,15.540000000000001,15.540000000000001
445,15.575000000000001,15.575000000000001,15.575000000000001
446,15.610000000000001,15.610000000000001,15.610000000000001
447,15.645000000000001,15.645000000000001,15.645000000000001
448,15.680000000000001,15.680000000000001,15.680000000000001
449,15.715000000000002,15.715000000000002,15.715000000000002
450,15.750000000000002,15.750000000000002,15.750000000000002
451,15.785000000000002,15.785000000000002,15.785000000000002
452,15.820000000000002,15.820000000000002,15.820000000000002
453,15.855000000000002,15.855000000000002,15.855000000000002
454,15.890000000000002,15.890000000000002,15.890000000000002
455,15.925,15.925,15.925
456,15.96,15.96,15.96
457,15.995000000000001,15.995000000000001,15.995000000000001
458,16.03,16.03,16.03
459,16.065,16.065,16.065
460,16.1,16.1,16.1
461,16.135,16.135,16.135
462,16.17,16.17,16.17
463,16.205000000000002,16.205000000000002,16.205000000000002
464,16.240000000000002,16.240000000000002,16.240000000000002
465,16.275000000000002,16.275000000000002,16.275000000000002
466,16.310000000000002,16.310000000000002,16.310000000000002
467,16.345000000000002,16.345000000000002,16.345000000000002
468,16.380000000000003,16.380000000000003,16.380000000000003
469,16.415000000000003,16.415000000000003,16.415000000000003
470,16.450000000000003,16.450000000000003,16.450000000000003
471,16.485000000000003,16.485000000000003,16.485000000000003
472,16.520000000000003,16.520000000000003,16.520000000000003
473,16.555000000000003,16.555000000000003,16.555000000000003
474,16.59,16.59,16.59
475,16.625,16.625,16.625
476,16.66,16.66,16.66
477,16.695,16.695,16.695
478,16.73,16.73,16.73
479,16.765,16.765,16.765
480,16.8,16.8,16.8
481,16.835,16.835,16.835
482,16.87,16.87,16.87
483,16.905,16.905,16.905
484,16.94,16.94,16.94
485,16.975,16.975,16.975
486,17.01,17.01,17.01
487,17.045,17.045,17.045
488,17.080000000000002,17.080000000000002,17.080000000000002
489,17.115000000000002,17.115000000000002,17.115000000000002
490,17.150000000000002,17.150000000000002,17.150000000000002
491,17.185000000000002,17.185000000000002,17.185000000000002
492,17.220000000000002,17.220000000000002,17.220000000000002
493,17.255000000000003,17.255000000000003,17.255000000000003
494,17.290000000000003,17.290000000000003,17.290000000000003
495,17.325000000000003,17.325000000000003,17.325000000000003
496,17.360000000000003,17.360000000000003,17.360000000000003
497,17.395000000000003,17.395000000000003,17.395000000000003
498,17.430000000000003,17.430000000000003,17.430000000000003
499,17.465000000000003,17.465000000000003,17.465000000000003
500,17.5,17.5,17.5
501,17.535,17.535,17.535
502,17.57,17.57,17.57
503,17.605,17.605,17.605
504,17.64,17.64,17.64
505,17.675,17.675,17.675
506,17.71,17.71,17.71
507,17.745,17.745,17.745
508,17.78,17.78,17.78
509,17.815,17.815,17.815
510,17.85,17.85,17.85
511,17.885,17.885,17.885
512,17.92,17.92,17.92
513,17.955000000000002,17.955000000000002,17.955000000000002
514,17.990000000000002,17.990000000000002,17.990000000000002
515,18.025000000000002,18.025000000000002,18.025000000000002
516,18.060000000000002,18.060000000000002,18.060000000000002
517,18.095000000000002,18.095000000000002,18.095000000000002
518,18.130000000000003,18.130000000000003,18.130000000000003
519,18.165000000000003,18.165000000000003,18.165000000000003
520,18.200000000000003,18.200000000000003,18.200000000000003
521,18.235000000000003,18.235000000000003,18.235000000000003
522,18.270000000000003,18.270000000000003,18.270000000000003
523,18.305000000000003,18.305000000000003,18.305000000000003
524,18.340000000000003,18.340000000000003,18.340000000000003
525,18.375,18.375,18.375
526,18.41,18.41,18.41
527,18.445,18.445,18.445
528,18.48,18.48,18.48
529,18.515,18.515,18.515
530,18.55,18.55,18.55
531,18.585,18.585,18.585
532,18.62,18.62,18.62
533,18.655,18.655,18.655
534,18.69,18.69,18.69
535,18.725,18.725,18.725
536,18.76,18.76,18.76
537,18.795,18.795,18.795
538,18.830000000000002,18.830000000000002,18.830000000000002
539,18.865000000000002,18.865000000000002,18.865000000000002
540,18.900000000000002,18.900000000000002,18.900000000000002
541,18.935000000000002,18.935000000000002,18.935000000000002
542,18.970000000000002,18.970000000000002,18.970000000000002
543,19.005000000000003,19.005000000000003,19.005000000000003
544,19.040000000000003,19.040000000000003,19.040000000000003
545,19.075000000000003,19.075000000000003,19.075000000000003
546,19.110000000000003,19.110000000000003,19.110000000000003
547,19.145000000000003,19.145000000000003,19.145000000000003
548,19.180000000000003,19.180000000000003,19.180000000000003
549,19.215000000000003,19.215000000000003,19.215000000000003
550,19.250000000000004,19.250000000000004,19.250000000000004
551,19.285,19.285,19.285
552,19.32,19.32,19.32
553,19.355,19.355,19.355
554,19.39,19.39,19.39
555,19.425,19.425,19.425
556,19.46,19.46,19.46
557,19.495,19.495,19.495
558,19.53,19.53,19.53
559,19.565,19.565,19.565
560,19.6,19.6,19.6
561,19.635,19.635,19.635
562,19.67,19.67,19.67
563,19.705000000000002,19.705000000000002,19.705000000000002
564,19.740000000000002,19.740000000000002,19.740000000000002
565,19.775000000000002,19.775000000000002,19.775000000000002
566,19.810000000000002,19.810000000000002,19.810000000000002
567,19.845000000000002,19.845000000000002,19.845000000000002
568,19.880000000000003,19.880000000000003,19.880000000000003
569,19.915000000000003,19.915000000000003,19.915000000000003
570,19.950000000000003,19.950000000000003,19.950000000000003
571,19.985000000000003,19.985000000000003,19.985000000000003
572,20.020000000000003,20.020000000000003,20.020000000000003
573,20.055000000000003,20.055000000000003,20.055000000000003
574,20.090000000000003,20.090000000000003,20.090000000000003
575,20.125000000000004,20.125000000000004,20.125000000000004
576,20.160000000000004,20.160000000000004,20.160000000000004
577,20.195,20.195,20.195
578,20.23,20.23,20.23
579,20.265,20.265,20.265
580,20.3,20.3,20.3
581,20.335,20.335,20.335
582,20.37,20.37,20.37
583,20.405,20.405,20.405
584,20.44,20.44,20.44
585,20.475,20.475,20.475
586,20.51,20.51,20.51
587,20.545,20.545,20.545
588,20.580000000000002,20.580000000000002,20.580000000000002
589,20.615000000000002,20.615000000000002,20.615000000000002
590,20.650000000000002,20.650000000000002,20.650000000000002
591,20.685000000000002,20.685000000000002,20.685000000000002
592,20.720000000000002,20.720000000000002,20.720000000000002
593,20.755000000000003,20.755000000000003,20.755000000000003
594,20.790000000000003,20.790000000000003,20.790000000000003
595,20.825000000000003,20.825000000000003,20.825000000000003
596,20.860000000000003,20.860000000000003,20.860000000000003
597,20.895000000000003,20.895000000000003,20.895000000000003
598,20.930000000000003,20.930000000000003,20.930000000000003
599,20.965000000000003,20.965000000000003,20.965000000000003
600,21.000000000000004,21.000000000000004,21.000000000000004
601,21.035000000000004,21.035000000000004,21.035000000000004
602,21.07,21.07,21.07
603,21.105,21.105,21.105
604,21.14,21.14,21.14
605,21.175,21.175,21.175
606,21.21,21.21,21.21
607,21.245,21.245,21.245
608,21.28,21.28,21.28
609,21.315,21.315,21.315
610,21.35,21.35,21.35
611,21.385,21.385,21.385
612,21.42,21.42,21.42
613,21.455000000000002,21.455000000000002,21.455000000000002
614,21.490000000000002,21.490000000000002,21.490000000000002
615,21.525000000000002,21.525000000000002,21.525000000000002
616,21.560000000000002,21.560000000000002,21.560000000000002
617,21.595000000000002,21.595000000000002,21.595000000000002
618,21.630000000000003,21.630000000000003,21.630000000000003
619,21.665000000000003,21.665000000000003,21.665000000000003
620,21.700000000000003,21.700000000000003,21.700000000000003
621,21.735000000000003,21.735000000000003,21.735000000000003
622,21.770000000000003,21.770000000000003,21.770000000000003
623,21.805000000000003,21.805000000000003,21.805000000000003
624,21.840000000000003,21.840000000000003,21.840000000000003
625,21.875000000000004,21.875000000000004,21.875000000000004
626,21.910000000000004,21.910000000000004,21.910000000000004
627,21.945000000000004,21.945000000000004,21.945000000000004
628,21.98,21.98,21.98
629,22.015,22.015,22.015
630,22.05,22.05,22.05
631,22.085,22.085,22.085
632,22.12,22.12,22.12
633,22.155,22.155,22.155
634,22.19,22.19,22.19
635,22.225,22.225,22.225
636,22.26,22.26,22.26
637,22.295,22.295,22.295
638,22.330000000000002,22.330000000000002,22.330000000000002
639,22.365000000000002,22.365000000000002,22.365000000000002
640,22.400000000000002,22.400000000000002,22.400000000000002
641,22.435000000000002,22.435000000000002,22.435000000000002
642,22.470000000000002,22.470000000000002,22.470000000000002
643,22.505000000000003,22.505000000000003,22.505000000000003
644,22.540000000000003,22.540000000000003,22.540000000000003
645,22.575000000000003,22.575000000000003,22.575000000000003
646,22.610000000000003,22.610000000000003,22.610000000000003
647,22.645000000000003,22.645000000000003,22.645000000000003
648,22.680000000000003,22.680000000000003,22.680000000000003
649,22.715000000000003,22.715000000000003,22.715000000000003
650,22.750000000000004,22.750000000000004,22.750000000000004
651,22.785000000000004,22.785000000000004,22.785000000000004
652,22.820000000000004,22.820000000000004,22.820000000000004
653,22.855,22.855,22.855
654,22.89,22.89,22.89
655,22.925,22.925,22.925
656,22.96,22.96,22.96
657,22.995,22.995,22.995
658,23.03,23.03,23.03
659,23.065,23.065,23.065
660,23.1,23.1,23.1
661,23.135,23.135,23.135
662,23.17,23.17,23.17
663,23.205000000000002,23.205000000000002,23.205000000000002
664,23.240000000000002,23.240000000000002,23.240000000000002
665,23.275000000000002,23.275000000000002,23.275000000000002
666,23.310000000000002,23.310000000000002,23.310000000000002
667,23.345000000000002,23.345000000000002,23.345000000000002
668,23.380000000000003,23.380000000000003,23.380000000000003
669,23.415000000000003,23.415000000000003,23.415000000000003
670,23.450000000000003,23.450000000000003,23.450000000000003
671,23.485000000000003,23.485000000000003,23.485000000000003
672,23.520000000000003,23.520000000000003,23.520000000000003
673,23.555000000000003,23.555000000000003,23.555000000000003
674,23.590000000000003,23.590000000000003,23.590000000000003
675,23.625000000000004,23.625000000000004,23.625000000000004
676,23.660000000000004,23.660000000000004,23.660000000000004
677,23.695000000000004,23.695000000000004,23.695000000000004
678,23.730000000000004,23.730000000000004,23.730000000000004
679,23.765,23.765,23.765
680,23.8,23.8,23.8
681,23.835,23.835,23.835
682,23.87,23.87,23.87
683,23.905,23.905,23.905
684,23.94,23.94,23.94
685,23.975,23.975,23.975
686,24.01,24.01,24.01
687,24.045,24.045,24.045
688,24.080000000000002,24.080000000000002,24.080000000000002
689,24.115000000000002,24.115000000000002,24.115000000000002
690,24.150000000000002,24.150000000000002,24.150000000000002
691,24.185000000000002,24.185000000000002,24.185000000000002
692,24.220000000000002,24.220000000000002,24.220000000000002
693,24.255000000000003,24.255000000000003,24.255000000000003
694,24.290000000000003,24.290000000000003,24.290000000000003
695,24.325000000000003,24.325000000000003,24.325000000000003
696,24.360000000000003,24.360000000000003,24.360000000000003
697,24.395000000000003,24.395000000000003,24.395000000000003
698,24.430000000000003,24.430000000000003,24.430000000000003
699,24.465000000000003,24.465000000000003,24.465000000000003
700,24.500000000000004,24.500000000000004,24.500000000000004
701,24.535000000000004,24.535000000000004,24.535000000000004
702,24.570000000000004,24.570000000000004,24.570000000000004
703,24.605000000000004,24.605000000000004,24.605000000000004
704,24.64,24.64,24.64
705,24.675,24.675,24.675
706,24.71,24.71,24.71
707,24.745,24.745,24.745
708,24.78,24.78,24.78
709,24.815,24.815,24.815
710,24.85,24.85,24.85
711,24.885,24.885,24.885
712,24.92,24.92,24.92
713,24.955000000000002,24.955000000000002,24.955000000000002
714,24.990000000000002,24.990000000000002,24.990000000000002
715,25.025000000000002,25.025000000000002,25.025000000000002
716,25.060000000000002,25.060000000000002,25.060000000000002
717,25.095000000000002,25.095000000000002,25.095000000000002
718,25.130000000000003,25.130000000000003,25.130000000000003
719,25.165000000000003,25.165000000000003,25.165000000000003
720,25.200000000000003,25.200000000000003,25.200000000000003
721,25.235000000000003,25.235000000000003,25.235000000000003
722,25.270000000000003,25.270000000000003,25.270000000000003
723,25.305000000000003,25.305000000000003,25.305000000000003
724,25.340000000000003,25.340000000000003,25.340000000000003
725,25.375000000000004,25.375000000000004,25.375000000000004
726,25.410000000000004,25.410000000000004,25.410000000000004
727,25.445000000000004,25.445000000000004,25.445000000000004
728,25.480000000000004,25.480000000000004,25.480000000000004
729,25.515000000000004,25.515000000000004,25.515000000000004
730,25.55,25.55,25.55
731,25.585,25.585,25.585
732,25.62,25.62,25.62
733,25.655,25.655,25.655
734,25.69,25.69,25.69
735,25.725,25.725,25.725
736,25.76,25.76,25.76
737,25.795,25.795,25.795
738,25.830000000000002,25.830000000000002,25.830000000000002
739,25.865000000000002,25.865000000000002,25.865000000000002
740,25.900000000000002,25.900000000000002,25.900000000000002
741,25.935000000000002,25.935000000000002,25.935000000000002
742,25.970000000000002,25.970000000000002,25.970000000000002
743,26.005000000000003,26.005000000000003,26.005000000000003
744,26.040000000000003,26.040000000000003,26.040000000000003
745,26.075000000000003,26.075000000000003,26.075000000000003
746,26.110000000000003,26.110000000000003,26.110000000000003
747,26.145000000000003,26.145000000000003,26.145000000000003
748,26.180000000000003,26.180000000000003,26.180000000000003
749,26.215000000000003,26.215000000000003,26.215000000000003
750,26.250000000000004,26.250000000000004,26.250000000000004
751,26.285000000000004,26.285000000000004,26.285000000000004
752,26.320000000000004,26.320000000000004,26.320000000000004
753,26.355000000000004,26.355000000000004,26.355000000000004
754,26.390000000000004,26.390000000000004,26.390000000000004
755,26.425000000000004,26.425000000000004,26.425000000000004
756,26.46,26.46,26.46
757,26.495,26.495,26.495
758,26.53,26.53,26.53
759,26.565,26.565,26.565
760,26.6,26.6,26.6
761,26.635,26.635,26.635
762,26.67,26.67,26.67
763,26.705000000000002,26.705000000000002,26.705000000000002
764,26.740000000000002,26.740000000000002,26.740000000000002
765,26.775000000000002,26.775000000000002,26.775000000000002
766,26.810000000000002,26.810000000000002,26.810000000000002
767,26.845000000000002,26.845000000000002,26.845000000000002
768,26.880000000000003,26.880000000000003,26.880000000000003
769,26.915000000000003,26.915000000000003,26.915000000000003
770,26.950000000000003,26.950000000000003,26.950000000000003
771,26.985000000000003,26.985000000000003,26.985000000000003
772,27.020000000000003,27.020000000000003,27.020000000000003
773,27.055000000000003,27.055000000000003,27.055000000000003
774,27.090000000000003,27.090000000000003,27.090000000000003
775,27.125000000000004,27.125000000000004,27.125000000000004
776,27.160000000000004,27.160000000000004,27.160000000000004
777,27.195000000000004,27.195000000000004,27.195000000000004
778,27.230000000000004,27.230000000000004,27.230000000000004
779,27.265000000000004,27.265000000000004,27.265000000000004
780,27.300000000000004,27.300000000000004,27.300000000000004
781,27.335,27.335,27.335
782,27.37,27.37,27.37
783,27.405,27.405,27.405
784,27.44,27.44,27.44
785,27.475,27.475,27.475
786,27.51,27.51,27.51
787,27.545,27.545,27.545
788,27.580000000000002,27.580000000000002,27.580000000000002
789,27.615000000000002,27.615000000000002,27.615000000000002
790,27.650000000000002,27.650000000000002,27.650000000000002
791,27.685000000000002,27.685000000000002,27.685000000000002
792,27.720000000000002,27.720000000000002,27.720000000000002
793,27.755000000000003,27.755000000000003,27.755000000000003
794,27.790000000000003,27.790000000000003,27.790000000000003
795,27.825000000000003,27.825000000000003,27.825000000000003
796,27.860000000000003,27.860000000000003,27.860000000000003
797,27.895000000000003,27.895000000000003,27.895000000000003
798,27.930000000000003,27.930000000000003,27.930000000000003
799,27.965000000000003,27.965000000000003,27.965000000000003
800,28.000000000000004,28.000000000000004,28.000000000000004
801,28.035000000000004,28.035000000000004,28.035000000000004
802,28.070000000000004,28.070000000000004,28.070000000000004
803,28.105000000000004,28.105000000000004,28.105000000000004
804,28.140000000000004,28.140000000000004,28.140000000000004
805,28.175000000000004,28.175000000000004,28.175000000000004
806,28.210000000000004,28.210000000000004,28.210000000000004
807,28.245,28.245,28.245
808,28.28,28.28,28.28
809,28.315,28.315,28.315
810,28.35,28.35,28.35
811,28.385,28.385,28.385
812,28.42,28.42,28.42
813,28.455000000000002,28.455000000000002,28.455000000000002
814,28.490000000000002,28.490000000000002,28.490000000000002
815,28.525000000000002,28.525000000000002,28.525000000000002
816,28.560000000000002,28.560000000000002,28.560000000000002
817,28.595000000000002,28.595000000000002,28.595000000000002
818,28.630000000000003,28.630000000000003,28.630000000000003
819,28.665000000000003,28.665000000000003,28.665000000000003
820,28.700000000000003,28.700000000000003,28.700000000000003
821,28.735000000000003,28.735000000000003,28.735000000000003
822,28.770000000000003,28.770000000000003,28.770000000000003
823,28.805000000000003,28.805000000000003,28.805000000000003
824,28.840000000000003,28.840000000000003,28.840000000000003
825,28.875000000000004,28.875000000000004,28.875000000000004
826,28.910000000000004,28.910000000000004,28.910000000000004
827,28.945000000000004,28.945000000000004,28.945000000000004
828,28.980000000000004,28.980000000000004,28.980000000000004
829,29.015000000000004,29.015000000000004,29.015000000000004
830,29.050000000000004,29.050000000000004,29.050000000000004
831,29.085000000000004,29.085000000000004,29.085000000000004
832,29.120000000000005,29.120000000000005,29.120000000000005
833,29.155,29.155,29.155
834,29.19,29.19,29.19
835,29.225,29.225,29.225
836,29.26,29.26,29.26
837,29.295,29.295,29.295
838,29.330000000000002,29.330000000000002,29.330000000000002
839,29.365000000000002,29.365000000000002,29.365000000000002
840,29.400000000000002,29.400000000000002,29.400000000000002
841,29.435000000000002,29.435000000000002,29.435000000000002
842,29.470000000000002,29.470000000000002,29.470000000000002
843,29.505000000000003,29.505000000000003,29.505000000000003
844,29.540000000000003,29.540000000000003,29.540000000000003
845,29.575000000000003,29.575000000000003,29.575000000000003
846,29.610000000000003,29.610000000000003,29.610000000000003
847,29.645000000000003,29.645000000000003,29.645000000000003
848,29.680000000000003,29.680000000000003,29.680000000000003
849,29.715000000000003,29.715000000000003,29.715000000000003
850,29.750000000000004,29.750000000000004,29.750000000000004
851,29.785000000000004,29.785000000000004,29.785000000000004
852,29.820000000000004,29.820000000000004,29.820000000000004
853,29.855000000000004,29.855000000000004,29.855000000000004
854,29.890000000000004,29.890000000000004,29.890000000000004
855,29.925000000000004,29.925000000000004,29.925000000000004
856,29.960000000000004,29.960000000000004,29.960000000000004
857,29.995000000000005,29.995000000000005,29.995000000000005
858,30.03,30.03,30.03
859,30.065,30.065,30.065
860,30.1,30.1,30.1
861,30.135,30.135,30.135
862,30.17,30.17,30.17
863,30.205000000000002,30.205000000000002,30.205000000000002
864,30.240000000000002,30.240000000000002,30.240000000000002
865,30.275000000000002,30.275000000000002,30.275000000000002
866,30.310000000000002,30.310000000000002,30.310000000000002
867,30.345000000000002,30.345000000000002,30.345000000000002
868,30.380000000000003,30.380000000000003,30.380000000000003
869,30.415000000000003,30.415000000000003,30.415000000000003
870,30.450000000000003,30.450000000000003,30.450000000000003
871,30.485000000000003,30.485000000000003,30.485000000000003
872,30.520000000000003,30.520000000000003,30.520000000000003
873,30.555000000000003,30.555000000000003,30.555000000000003
874,30.590000000000003,30.590000000000003,30.590000000000003
875,30.625000000000004,30.625000000000004,30.625000000000004
876,30.660000000000004,30.660000000000004,30.660000000000004
877,30.695000000000004,30.695000000000004,30.695000000000004
878,30.730000000000004,30.730000000000004,30.730000000000004
879,30.765000000000004,30.765000000000004,30.765000000000004
880,30.800000000000004,30.800000000000004,30.800000000000004
881,30.835000000000004,30.835000000000004,30.835000000000004
882,30.870000000000005,30.870000000000005,30.870000000000005
883,30.905000000000005,30.905000000000005,30.905000000000005
884,30.94,30.94,30.94
885,30.975,30.975,30.975
886,31.01,31.01,31.01
887,31.045,31.045,31.045
888,31.080000000000002,31.080000000000002,31.080000000000002
889,31.115000000000002,31.115000000000002,31.115000000000002
890,31.150000000000002,31.150000000000002,31.150000000000002
891,31.185000000000002,31.185000000000002,31.185000000000002
892,31.220000000000002,31.220000000000002,31.220000000000002
893,31.255000000000003,31.255000000000003,31.255000000000003
894,31.290000000000003,31.290000000000003,31.290000000000003
895,31.325000000000003,31.325000000000003,31.325000000000003
896,31.360000000000003,31.360000000000003,31.360000000000003
897,31.395000000000003,31.395000000000003,31.395000000000003
898,31.430000000000003,31.430000000000003,31.430000000000003
899,31.465000000000003,31.465000000000003,31.465000000000003
900,31.500000000000004,31.500000000000004,31.500000000000004
901,31.535000000000004,31.535000000000004,31.535000000000004
902,31.570000000000004,31.570000000000004,31.570000000000004
903,31.605000000000004,31.605000000000004,31.605000000000004
904,31.640000000000004,31.640000000000004,31.640000000000004
905,31.675000000000004,31.675000000000004,31.675000000000004
906,31.710000000000004,31.710000000000004,31.710000000000004
907,31.745000000000005,31.745000000000005,31.745000000000005
908,31.780000000000005,31.780000000000005,31.780000000000005
909,31.815,31.815,31.815
910,31.85,31.85,31.85
911,31.885,31.885,31.885
912,31.92,31.92,31.92
913,31.955000000000002,31.955000000000002,31.955000000000002
914,31.990000000000002,31.990000000000002,31.990000000000002
915,32.025000000000006,32.025000000000006,32.025000000000006
916,32.06,32.06,32.06
917,32.095000000000006,32.095000000000006,32.095000000000006
918,32.13,32.13,32.13
919,32.165000000000006,32.165000000000006,32.165000000000006
920,32.2,32.2,32.2
921,32.23500000000001,32.23500000000001,32.23500000000001
922,32.27,32.27,32.27
923,32.305,32.305,32.305
924,32.34,32.34,32.34
925,32.375,32.375,32.375
926,32.410000000000004,32.410000000000004,32.410000000000004
927,32.445,32.445,32.445
928,32.480000000000004,32.480000000000004,32.480000000000004
929,32.515,32.515,32.515
930,32.550000000000004,32.550000000000004,32.550000000000004
931,32.585,32.585,32.585
932,32.620000000000005,32.620000000000005,32.620000000000005
933,32.655,32.655,32.655
934,32.690000000000005,32.690000000000005,32.690000000000005
935,32.725,32.725,32.725
936,32.760000000000005,32.760000000000005,32.760000000000005
937,32.795,32.795,32.795
938,32.830000000000005,32.830000000000005,32.830000000000005
939,32.865,32.865,32.865
940,32.900000000000006,32.900000000000006,32.900000000000006
941,32.935,32.935,32.935
942,32.970000000000006,32.970000000000006,32.970000000000006
943,33.005,33.005,33.005
944,33.040000000000006,33.040000000000006,33.040000000000006
945,33.075,33.075,33.075
946,33.11000000000001,33.11000000000001,33.11000000000001
947,33.145,33.145,33.145
948,33.18,33.18,33.18
949,33.215,33.215,33.215
950,33.25,33.25,33.25
951,33.285000000000004,33.285000000000004,33.285000000000004
952,33.32,33.32,33.32
953,33.355000000000004,33.355000000000004,33.355000000000004
954,33.39,33.39,33.39
955,33.425000000000004,33.425000000000004,33.425000000000004
956,33.46,33.46,33.46
957,33.495000000000005,33.495000000000005,33.495000000000005
958,33.53,33.53,33.53
959,33.565000000000005,33.565000000000005,33.565000000000005
960,33.6,33.6,33.6
961,33.635000000000005,33.635000000000005,33.635000000000005
962,33.67,33.67,33.67
963,33.705000000000005,33.705000000000005,33.705000000000005
964,33.74,33.74,33.74
965,33.775000000000006,33.775000000000006,33.775000000000006
966,33.81,33.81,33.81
967,33.845000000000006,33.845000000000006,33.845000000000006
968,33.88,33.88,33.88
969,33.915000000000006,33.915000000000006,33.915000000000006
970,33.95,33.95,33.95
971,33.98500000000001,33.98500000000001,33.98500000000001
972,34.02,34.02,34.02
973,34.055,34.055,34.055
974,34.09,34.09,34.09
975,34.125,34.125,34.125
976,34.160000000000004,34.160000000000004,34.160000000000004
977,34.195,34.195,34.195
978,34.230000000000004,34.230000000000004,34.230000000000004
979,34.265,34.265,34.265
980,34.300000000000004,34.300000000000004,34.300000000000004
981,34.335,34.335,34.335
982,34.370000000000005,34.370000000000005,34.370000000000005
983,34.405,34.405,34.405
984,34.440000000000005,34.440000000000005,34.440000000000005
985,34.475,34.475,34.475
986,34.510000000000005,34.510000000000005,34.510000000000005
987,34.545,34.545,34.545
988,34.580000000000005,34.580000000000005,34.580000000000005
989,34.615,34.615,34.615
990,34.650000000000006,34.650000000000006,34.650000000000006
991,34.685,34.685,34.685
992,34.720000000000006,34.720000000000006,34.720000000000006
993,34.755,34.755,34.755
994,34.790000000000006,34.790000000000006,34.790000000000006
995,34.825,34.825,34.825
996,34.86000000000001,34.86000000000001,34.86000000000001
997,34.895,34.895,34.895
998,34.93000000000001,34.93000000000001,34.93000000000001
999,34.965,34.965,34.965
1000,35.0,35.0,35.0
